99215341E,ZM20053,Raffo Arias Surami Annie
15129661E,QA53897,Wong Martel Madeleine
33958767A,SK15788,Aquino Toro Valentina Rocio
77001234D,LM05731,Diaz Correa Irma Virginia
17750908E,XW06135,Hernandez Barrios Emilio
26916299E,ZK87496,Diaz Antezano Magali Silvana
83265244D,PL70268,Pairazaman Alamo Moises Miguel
83265244D,FW74175,Pairazaman Alamo Moises Miguel
14268463E,FY82455,Raffo Chung Adria Gloria
26916299E,SV17719,Diaz Antezano Magali Silvana
63602514A,FW74175,Auris Zimic Javier Daniel
87804471A,MG75057,Cerna Durand Martin
26916299E,KW25071,Diaz Antezano Magali Silvana
66152145E,FW74175,Salas Aguero Daniel
99215341E,SV17719,Raffo Arias Surami Annie
50860318E,SV17719,Prado Vergel Carlos Julian
50860318E,BB35881,Prado Vergel Carlos Julian
49516360D,SV17719,Delgado Gonzales Guillermo Alfonso
37500242E,QV96140,Vasquez Paz Alex Martin
72832218A,XW06135,Corrales Tsukazan Irma Lourdes
17750908E,ZK87496,Hernandez Barrios Emilio
37500242E,ZK87496,Vasquez Paz Alex Martin
63602514A,FY25192,Auris Zimic Javier Daniel
37751890D,FW74175,Shirakawa Miranda Madeleine
17750908E,OT07742,Hernandez Barrios Emilio
50860318E,FW74175,Prado Vergel Carlos Julian
81082011D,FW74175,Arroyo Gordillo Maria Heli
61039260D,MG75057,Mejia De La Haza Francisco Edgar
54393647A,ZK87496,Norabuena Preciado Cinthia
33958767A,SV17719,Aquino Toro Valentina Rocio
33115577E,ZK87496,Chumpitaz Iberos Ronal
49516360D,ZK87496,Delgado Gonzales Guillermo Alfonso
66152145E,ZR63735,Salas Aguero Daniel
14268463E,MG75057,Raffo Chung Adria Gloria
54393647A,BB35881,Norabuena Preciado Cinthia
61039260D,XW06135,Mejia De La Haza Francisco Edgar
50860318E,SA04133,Prado Vergel Carlos Julian
92240876E,FW74175,Vega Garcia Janet Rebeca
83265244D,QA53897,Pairazaman Alamo Moises Miguel
11750801E,NF53199,Shirakawa Ortega Angel
77001234D,ZM20053,Diaz Correa Irma Virginia
37500242E,UW23132,Vasquez Paz Alex Martin
33958767A,MG75057,Aquino Toro Valentina Rocio
14268463E,SA04133,Raffo Chung Adria Gloria
35030611E,FW74175,Inga Flores Cesar Adolfo
77001234D,VA35843,Diaz Correa Irma Virginia
11750801E,MG75057,Shirakawa Ortega Angel
26916299E,FW74175,Diaz Antezano Magali Silvana
15129661E,ZK87496,Wong Martel Madeleine
61039260D,OC73472,Mejia De La Haza Francisco Edgar
63602514A,MG75057,Auris Zimic Javier Daniel
77001234D,FW74175,Diaz Correa Irma Virginia
81082011D,ZK87496,Arroyo Gordillo Maria Heli
