<?xml version="1.0" encoding="UTF-8"?>
<project-private xmlns="http://www.netbeans.org/ns/project-private/1">
    <data xmlns="http://www.netbeans.org/ns/make-project-private/1">
        <activeConfTypeElem>1</activeConfTypeElem>
        <activeConfIndexElem>0</activeConfIndexElem>
    </data>
    <editor-bookmarks xmlns="http://www.netbeans.org/ns/editor-bookmarks/2" lastBookmarkId="0"/>
    <open-files xmlns="http://www.netbeans.org/ns/projectui-open-files/2">
        <group>
            <file>file:/C:/Users/AXEL/Documents/NetBeansProjects/LP1_2023_2/Ex2/Lab9_23_2/LAB09_PREG02/Furgon.cpp</file>
            <file>file:/C:/Users/AXEL/Documents/NetBeansProjects/LP1_2023_2/Ex2/Lab9_23_2/LAB09_PREG02/Flota.cpp</file>
            <file>file:/C:/Users/AXEL/Documents/NetBeansProjects/LP1_2023_2/Ex2/Lab9_23_2/LAB09_PREG02/NVehiculo.cpp</file>
            <file>file:/C:/Users/AXEL/Documents/NetBeansProjects/LP1_2023_2/Ex2/Lab9_23_2/LAB09_PREG02/Camion.cpp</file>
        </group>
    </open-files>
</project-private>
