<?xml version="1.0" encoding="UTF-8"?>
<project-private xmlns="http://www.netbeans.org/ns/project-private/1">
    <data xmlns="http://www.netbeans.org/ns/make-project-private/1">
        <activeConfTypeElem>1</activeConfTypeElem>
        <activeConfIndexElem>0</activeConfIndexElem>
    </data>
    <editor-bookmarks xmlns="http://www.netbeans.org/ns/editor-bookmarks/2" lastBookmarkId="0"/>
    <open-files xmlns="http://www.netbeans.org/ns/projectui-open-files/2">
        <group>
            <file>file:/C:/Users/AXEL/Documents/NetBeansProjects/LP1_2023_2/Lab8/20166141_MENDOZA_AXEL_EX01_2023_2/Ex1_Pregunta_3_23_2_cola/Almacen.cpp</file>
            <file>file:/C:/Users/AXEL/Documents/NetBeansProjects/LP1_2023_2/Lab8/20166141_MENDOZA_AXEL_EX01_2023_2/Ex1_Pregunta_3_23_2_cola/Pedido.hpp</file>
            <file>file:/C:/Users/AXEL/Documents/NetBeansProjects/LP1_2023_2/Lab8/20166141_MENDOZA_AXEL_EX01_2023_2/Ex1_Pregunta_3_23_2_cola/Nodo.cpp</file>
            <file>file:/C:/Users/AXEL/Documents/NetBeansProjects/LP1_2023_2/Lab8/20166141_MENDOZA_AXEL_EX01_2023_2/Ex1_Pregunta_3_23_2_cola/Cola.hpp</file>
            <file>file:/C:/Users/AXEL/Documents/NetBeansProjects/LP1_2023_2/Lab8/20166141_MENDOZA_AXEL_EX01_2023_2/Ex1_Pregunta_3_23_2_cola/main.cpp</file>
            <file>file:/C:/Users/AXEL/Documents/NetBeansProjects/LP1_2023_2/Lab8/20166141_MENDOZA_AXEL_EX01_2023_2/Ex1_Pregunta_3_23_2_cola/Nodo.hpp</file>
            <file>file:/C:/Users/AXEL/Documents/NetBeansProjects/LP1_2023_2/Lab8/20166141_MENDOZA_AXEL_EX01_2023_2/Ex1_Pregunta_3_23_2_cola/Pedido.cpp</file>
            <file>file:/C:/Users/AXEL/Documents/NetBeansProjects/LP1_2023_2/Lab8/20166141_MENDOZA_AXEL_EX01_2023_2/Ex1_Pregunta_3_23_2_cola/Cola.cpp</file>
            <file>file:/C:/Users/AXEL/Documents/NetBeansProjects/LP1_2023_2/Lab8/20166141_MENDOZA_AXEL_EX01_2023_2/Ex1_Pregunta_3_23_2_cola/Almacen.hpp</file>
        </group>
    </open-files>
</project-private>
