879513,POLERA INFORMATICA GOD,70.2,%2.3,512
123984,BOMBONES DE DONHA PEPAL,5.8,86
546212,GASEOSA INKA KOLA ZERO,3.2,%2.1,210
156784,GASEOSA COCA COLA ZERO,3.5,%1.1,124
597894,LECHE LALA SIN LACTOSA,5.1,%0.2,156
123478,REBANADAS DE CHOCOLATE,4.9,%9.8,42
156785,DORITOS RED HOT CHILLI,0.7,165
148491,ALFAJORES DE ZANAHORIA,2.5,%4.5,69
254473,PELUCHE AZUL DIBUJITOS,35.4,156
415932,SOPA MARUCHAN CAMARONI,7.2,%12.1,215
474814,CD KEY DEVIL MAY CRY 5,75.9,%50.2,28
564187,CARGADOR PORTATIL USBC,124,%7.5,152
134501,PELUCHE GUANIRA SONRIE,99,258
478922,OYASUMI PUNPUN VOL 13,47,%1.2,12
