<?xml version="1.0" encoding="UTF-8"?>
<project-private xmlns="http://www.netbeans.org/ns/project-private/1">
    <data xmlns="http://www.netbeans.org/ns/make-project-private/1">
        <activeConfTypeElem>1</activeConfTypeElem>
        <activeConfIndexElem>0</activeConfIndexElem>
    </data>
    <editor-bookmarks xmlns="http://www.netbeans.org/ns/editor-bookmarks/2" lastBookmarkId="0"/>
    <open-files xmlns="http://www.netbeans.org/ns/projectui-open-files/2">
        <group>
            <file>file:/C:/Users/AXEL/Documents/NetBeansProjects/LP1_2023_2/Lab9/20166141_EX2_2022_1/STL_Polimorfico_Pregunta02/Programa.cpp</file>
            <file>file:/C:/Users/AXEL/Documents/NetBeansProjects/LP1_2023_2/Lab9/20166141_EX2_2022_1/STL_Polimorfico_Pregunta02/Lista.cpp</file>
            <file>file:/C:/Users/AXEL/Documents/NetBeansProjects/LP1_2023_2/Lab9/20166141_EX2_2022_1/STL_Polimorfico_Pregunta02/Categoria1.cpp</file>
            <file>file:/C:/Users/AXEL/Documents/NetBeansProjects/LP1_2023_2/Lab9/20166141_EX2_2022_1/STL_Polimorfico_Pregunta02/Categoria2.cpp</file>
            <file>file:/C:/Users/AXEL/Documents/NetBeansProjects/LP1_2023_2/Lab9/20166141_EX2_2022_1/STL_Polimorfico_Pregunta02/Producto.cpp</file>
            <file>file:/C:/Users/AXEL/Documents/NetBeansProjects/LP1_2023_2/Lab9/20166141_EX2_2022_1/STL_Polimorfico_Pregunta02/Pedido.cpp</file>
            <file>file:/C:/Users/AXEL/Documents/NetBeansProjects/LP1_2023_2/Lab9/20166141_EX2_2022_1/STL_Polimorfico_Pregunta02/main.cpp</file>
            <file>file:/C:/Users/AXEL/Documents/NetBeansProjects/LP1_2023_2/Lab9/20166141_EX2_2022_1/STL_Polimorfico_Pregunta02/Categoria3.cpp</file>
            <file>file:/C:/Users/AXEL/Documents/NetBeansProjects/LP1_2023_2/Lab9/20166141_EX2_2022_1/STL_Polimorfico_Pregunta02/Nodo.cpp</file>
        </group>
    </open-files>
</project-private>
