<?xml version="1.0" encoding="UTF-8"?>
<project-private xmlns="http://www.netbeans.org/ns/project-private/1">
    <data xmlns="http://www.netbeans.org/ns/make-project-private/1">
        <activeConfTypeElem>1</activeConfTypeElem>
        <activeConfIndexElem>0</activeConfIndexElem>
    </data>
    <editor-bookmarks xmlns="http://www.netbeans.org/ns/editor-bookmarks/2" lastBookmarkId="0"/>
    <open-files xmlns="http://www.netbeans.org/ns/projectui-open-files/2">
        <group>
            <file>file:/T:/20166141_Lab07_2023_1/LAB07_PREG02_CARGA/Nota.h</file>
            <file>file:/T:/20166141_Lab07_2023_1/LAB07_PREG02_CARGA/AlumnoNota.h</file>
            <file>file:/T:/20166141_Lab07_2023_1/LAB07_PREG02_CARGA/Funciones.cpp</file>
            <file>file:/T:/20166141_Lab07_2023_1/LAB07_PREG02_CARGA/main.cpp</file>
            <file>file:/T:/20166141_Lab07_2023_1/LAB07_PREG02_CARGA/Nota.cpp</file>
            <file>file:/T:/20166141_Lab07_2023_1/LAB07_PREG02_CARGA/Funciones.h</file>
            <file>file:/T:/20166141_Lab07_2023_1/LAB07_PREG02_CARGA/Alumno.h</file>
            <file>file:/T:/20166141_Lab07_2023_1/LAB07_PREG02_CARGA/Alumno.cpp</file>
        </group>
    </open-files>
</project-private>
