<?xml version="1.0" encoding="UTF-8"?>
<project-private xmlns="http://www.netbeans.org/ns/project-private/1">
    <data xmlns="http://www.netbeans.org/ns/make-project-private/1">
        <activeConfTypeElem>1</activeConfTypeElem>
        <activeConfIndexElem>0</activeConfIndexElem>
    </data>
    <editor-bookmarks xmlns="http://www.netbeans.org/ns/editor-bookmarks/2" lastBookmarkId="0"/>
    <open-files xmlns="http://www.netbeans.org/ns/projectui-open-files/2">
        <group>
            <file>file:/C:/Users/AXEL/Documents/NetBeansProjects/LP1_2023_2/Lab7/20166141_Lab9_23_1/PREG02_LAB09/Semipresencial.cpp</file>
            <file>file:/C:/Users/AXEL/Documents/NetBeansProjects/LP1_2023_2/Lab7/20166141_Lab9_23_1/PREG02_LAB09/main.cpp</file>
            <file>file:/C:/Users/AXEL/Documents/NetBeansProjects/LP1_2023_2/Lab7/20166141_Lab9_23_1/PREG02_LAB09/Tesoreria.cpp</file>
            <file>file:/C:/Users/AXEL/Documents/NetBeansProjects/LP1_2023_2/Lab7/20166141_Lab9_23_1/PREG02_LAB09/Alumno.cpp</file>
            <file>file:/C:/Users/AXEL/Documents/NetBeansProjects/LP1_2023_2/Lab7/20166141_Lab9_23_1/PREG02_LAB09/Boleta.cpp</file>
            <file>file:/C:/Users/AXEL/Documents/NetBeansProjects/LP1_2023_2/Lab7/20166141_Lab9_23_1/PREG02_LAB09/Virtual.hpp</file>
            <file>file:/C:/Users/AXEL/Documents/NetBeansProjects/LP1_2023_2/Lab7/20166141_Lab9_23_1/PREG02_LAB09/Presencial.cpp</file>
            <file>file:/C:/Users/AXEL/Documents/NetBeansProjects/LP1_2023_2/Lab7/20166141_Lab9_23_1/PREG02_LAB09/Alumno.hpp</file>
            <file>file:/C:/Users/AXEL/Documents/NetBeansProjects/LP1_2023_2/Lab7/20166141_Lab9_23_1/PREG02_LAB09/Virtual.cpp</file>
            <file>file:/C:/Users/AXEL/Documents/NetBeansProjects/LP1_2023_2/Lab7/20166141_Lab9_23_1/PREG02_LAB09/Boleta.hpp</file>
            <file>file:/C:/Users/AXEL/Documents/NetBeansProjects/LP1_2023_2/Lab7/20166141_Lab9_23_1/PREG02_LAB09/Tesoreria.hpp</file>
        </group>
    </open-files>
</project-private>
