<?xml version="1.0" encoding="UTF-8"?>
<project-private xmlns="http://www.netbeans.org/ns/project-private/1">
    <data xmlns="http://www.netbeans.org/ns/make-project-private/1">
        <activeConfTypeElem>1</activeConfTypeElem>
        <activeConfIndexElem>0</activeConfIndexElem>
    </data>
    <editor-bookmarks xmlns="http://www.netbeans.org/ns/editor-bookmarks/2" lastBookmarkId="0"/>
    <open-files xmlns="http://www.netbeans.org/ns/projectui-open-files/2">
        <group>
            <file>file:/C:/Users/AXEL/Documents/NetBeansProjects/LP1_2023_2/Lab8/20166141_Lab10_2023_1/20166141_Lab10_2023_1/LAB10_PREG02/Arbol.cpp</file>
            <file>file:/C:/Users/AXEL/Documents/NetBeansProjects/LP1_2023_2/Lab8/20166141_Lab10_2023_1/20166141_Lab10_2023_1/LAB10_PREG02/Tesoreria.cpp</file>
            <file>file:/C:/Users/AXEL/Documents/NetBeansProjects/LP1_2023_2/Lab8/20166141_Lab10_2023_1/20166141_Lab10_2023_1/LAB10_PREG02/Arbol.hpp</file>
            <file>file:/C:/Users/AXEL/Documents/NetBeansProjects/LP1_2023_2/Lab8/20166141_Lab10_2023_1/20166141_Lab10_2023_1/LAB10_PREG02/Escala.cpp</file>
            <file>file:/C:/Users/AXEL/Documents/NetBeansProjects/LP1_2023_2/Lab8/20166141_Lab10_2023_1/20166141_Lab10_2023_1/LAB10_PREG02/Boleta.hpp</file>
            <file>file:/C:/Users/AXEL/Documents/NetBeansProjects/LP1_2023_2/Lab8/20166141_Lab10_2023_1/20166141_Lab10_2023_1/LAB10_PREG02/Alumno.cpp</file>
            <file>file:/C:/Users/AXEL/Documents/NetBeansProjects/LP1_2023_2/Lab8/20166141_Lab10_2023_1/20166141_Lab10_2023_1/LAB10_PREG02/Boleta.cpp</file>
            <file>file:/C:/Users/AXEL/Documents/NetBeansProjects/LP1_2023_2/Lab8/20166141_Lab10_2023_1/20166141_Lab10_2023_1/LAB10_PREG02/Presencial.cpp</file>
            <file>file:/C:/Users/AXEL/Documents/NetBeansProjects/LP1_2023_2/Lab8/20166141_Lab10_2023_1/20166141_Lab10_2023_1/LAB10_PREG02/Virtual.hpp</file>
            <file>file:/C:/Users/AXEL/Documents/NetBeansProjects/LP1_2023_2/Lab8/20166141_Lab10_2023_1/20166141_Lab10_2023_1/LAB10_PREG02/Virtual.cpp</file>
            <file>file:/C:/Users/AXEL/Documents/NetBeansProjects/LP1_2023_2/Lab8/20166141_Lab10_2023_1/20166141_Lab10_2023_1/LAB10_PREG02/main.cpp</file>
            <file>file:/C:/Users/AXEL/Documents/NetBeansProjects/LP1_2023_2/Lab8/20166141_Lab10_2023_1/20166141_Lab10_2023_1/LAB10_PREG02/Alumno.hpp</file>
            <file>file:/C:/Users/AXEL/Documents/NetBeansProjects/LP1_2023_2/Lab8/20166141_Lab10_2023_1/20166141_Lab10_2023_1/LAB10_PREG02/Semipresencial.hpp</file>
            <file>file:/C:/Users/AXEL/Documents/NetBeansProjects/LP1_2023_2/Lab8/20166141_Lab10_2023_1/20166141_Lab10_2023_1/LAB10_PREG02/Nodo.hpp</file>
            <file>file:/C:/Users/AXEL/Documents/NetBeansProjects/LP1_2023_2/Lab8/20166141_Lab10_2023_1/20166141_Lab10_2023_1/LAB10_PREG02/Presencial.hpp</file>
            <file>file:/C:/Users/AXEL/Documents/NetBeansProjects/LP1_2023_2/Lab8/20166141_Lab10_2023_1/20166141_Lab10_2023_1/LAB10_PREG02/Semipresencial.cpp</file>
        </group>
    </open-files>
</project-private>
