<?xml version="1.0" encoding="UTF-8"?>
<project-private xmlns="http://www.netbeans.org/ns/project-private/1">
    <data xmlns="http://www.netbeans.org/ns/make-project-private/1">
        <activeConfTypeElem>1</activeConfTypeElem>
        <activeConfIndexElem>0</activeConfIndexElem>
    </data>
    <editor-bookmarks xmlns="http://www.netbeans.org/ns/editor-bookmarks/2" lastBookmarkId="0"/>
    <open-files xmlns="http://www.netbeans.org/ns/projectui-open-files/2">
        <group>
            <file>file:/C:/Users/RODRIGO/Documents/NetBeansProjects/Laboratorio10_2022_1/Nodo.h</file>
            <file>file:/C:/Users/RODRIGO/Documents/NetBeansProjects/Laboratorio10_2022_1/Lista.h</file>
            <file>file:/C:/Users/RODRIGO/Documents/NetBeansProjects/Laboratorio10_2022_1/PedidoEventual.h</file>
            <file>file:/C:/Users/RODRIGO/Documents/NetBeansProjects/Laboratorio10_2022_1/Promociones.cpp</file>
            <file>file:/C:/Users/RODRIGO/Documents/NetBeansProjects/Laboratorio10_2022_1/Pedido.cpp</file>
            <file>file:/C:/Users/RODRIGO/Documents/NetBeansProjects/Laboratorio10_2022_1/Pedido.h</file>
            <file>file:/C:/Users/RODRIGO/Documents/NetBeansProjects/Laboratorio10_2022_1/Lista.cpp</file>
            <file>file:/C:/Users/RODRIGO/Documents/NetBeansProjects/Laboratorio10_2022_1/PedidoEspecial.cpp</file>
            <file>file:/C:/Users/RODRIGO/Documents/NetBeansProjects/Laboratorio10_2022_1/PedidoUsual.h</file>
            <file>file:/C:/Users/RODRIGO/Documents/NetBeansProjects/Laboratorio10_2022_1/PedidoUsual.cpp</file>
            <file>file:/C:/Users/RODRIGO/Documents/NetBeansProjects/Laboratorio10_2022_1/Nodo.cpp</file>
            <file>file:/C:/Users/RODRIGO/Documents/NetBeansProjects/Laboratorio10_2022_1/Promociones.h</file>
            <file>file:/C:/Users/RODRIGO/Documents/NetBeansProjects/Laboratorio10_2022_1/main.cpp</file>
            <file>file:/C:/Users/RODRIGO/Documents/NetBeansProjects/Laboratorio10_2022_1/PedidoEspecial.h</file>
            <file>file:/C:/Users/RODRIGO/Documents/NetBeansProjects/Laboratorio10_2022_1/PedidoEventual.cpp</file>
        </group>
    </open-files>
</project-private>
