<?xml version="1.0" encoding="UTF-8"?>
<project-private xmlns="http://www.netbeans.org/ns/project-private/1">
    <data xmlns="http://www.netbeans.org/ns/make-project-private/1">
        <activeConfTypeElem>1</activeConfTypeElem>
        <activeConfIndexElem>0</activeConfIndexElem>
    </data>
    <editor-bookmarks xmlns="http://www.netbeans.org/ns/editor-bookmarks/2" lastBookmarkId="0"/>
    <open-files xmlns="http://www.netbeans.org/ns/projectui-open-files/2">
        <group>
            <file>file:/C:/Users/AXEL/Documents/NetBeansProjects/LP1_2023_2/Lab6/20166141_Mendoza_Axel_Lab07_2023_1/LAB07_PREG01_CLASES/Nota.h</file>
            <file>file:/C:/Users/AXEL/Documents/NetBeansProjects/LP1_2023_2/Lab6/20166141_Mendoza_Axel_Lab07_2023_1/LAB07_PREG01_CLASES/Alumno.h</file>
            <file>file:/C:/Users/AXEL/Documents/NetBeansProjects/LP1_2023_2/Lab6/20166141_Mendoza_Axel_Lab07_2023_1/LAB07_PREG01_CLASES/AlumnoNota.cpp</file>
            <file>file:/C:/Users/AXEL/Documents/NetBeansProjects/LP1_2023_2/Lab6/20166141_Mendoza_Axel_Lab07_2023_1/LAB07_PREG01_CLASES/Funciones.h</file>
            <file>file:/C:/Users/AXEL/Documents/NetBeansProjects/LP1_2023_2/Lab6/20166141_Mendoza_Axel_Lab07_2023_1/LAB07_PREG01_CLASES/Funciones.cpp</file>
            <file>file:/C:/Users/AXEL/Documents/NetBeansProjects/LP1_2023_2/Lab6/20166141_Mendoza_Axel_Lab07_2023_1/LAB07_PREG01_CLASES/main.cpp</file>
            <file>file:/C:/Users/AXEL/Documents/NetBeansProjects/LP1_2023_2/Lab6/20166141_Mendoza_Axel_Lab07_2023_1/LAB07_PREG01_CLASES/AlumnoNota.h</file>
            <file>file:/C:/Users/AXEL/Documents/NetBeansProjects/LP1_2023_2/Lab6/20166141_Mendoza_Axel_Lab07_2023_1/LAB07_PREG01_CLASES/Alumno.cpp</file>
            <file>file:/C:/Users/AXEL/Documents/NetBeansProjects/LP1_2023_2/Lab6/20166141_Mendoza_Axel_Lab07_2023_1/LAB07_PREG01_CLASES/Nota.cpp</file>
        </group>
    </open-files>
</project-private>
