<?xml version="1.0" encoding="UTF-8"?>
<project-private xmlns="http://www.netbeans.org/ns/project-private/1">
    <data xmlns="http://www.netbeans.org/ns/make-project-private/1">
        <activeConfTypeElem>1</activeConfTypeElem>
        <activeConfIndexElem>0</activeConfIndexElem>
    </data>
    <editor-bookmarks xmlns="http://www.netbeans.org/ns/editor-bookmarks/2" lastBookmarkId="0"/>
    <open-files xmlns="http://www.netbeans.org/ns/projectui-open-files/2">
        <group>
            <file>file:/C:/Users/AXEL/Documents/NetBeansProjects/LP1_2023_2/Lab4/LP1_2023-1_EXAMEN1_20166141_incrementos/Pregunta03Examen01PuntGenericos/PunterosGenericos.cpp</file>
            <file>file:/C:/Users/AXEL/Documents/NetBeansProjects/LP1_2023_2/Lab4/LP1_2023-1_EXAMEN1_20166141_incrementos/Pregunta03Examen01PuntGenericos/main.cpp</file>
            <file>file:/C:/Users/AXEL/Documents/NetBeansProjects/LP1_2023_2/Lab4/LP1_2023-1_EXAMEN1_20166141_incrementos/Pregunta03Examen01PuntGenericos/PunterosGenericos.h</file>
        </group>
    </open-files>
</project-private>
