<?xml version="1.0" encoding="UTF-8"?>
<project-private xmlns="http://www.netbeans.org/ns/project-private/1">
    <data xmlns="http://www.netbeans.org/ns/make-project-private/1">
        <activeConfTypeElem>1</activeConfTypeElem>
        <activeConfIndexElem>0</activeConfIndexElem>
    </data>
    <editor-bookmarks xmlns="http://www.netbeans.org/ns/editor-bookmarks/2" lastBookmarkId="0"/>
    <open-files xmlns="http://www.netbeans.org/ns/projectui-open-files/2">
        <group>
            <file>file:/C:/Users/RODRIGO/Documents/NetBeansProjects/Laborato10_2022_2/Medicamento.cpp</file>
            <file>file:/C:/Users/RODRIGO/Documents/NetBeansProjects/Laborato10_2022_2/Arbol.h</file>
            <file>file:/C:/Users/RODRIGO/Documents/NetBeansProjects/Laborato10_2022_2/Nodo.h</file>
            <file>file:/C:/Users/RODRIGO/Documents/NetBeansProjects/Laborato10_2022_2/Arbol.cpp</file>
            <file>file:/C:/Users/RODRIGO/Documents/NetBeansProjects/Laborato10_2022_2/Generico.h</file>
            <file>file:/C:/Users/RODRIGO/Documents/NetBeansProjects/Laborato10_2022_2/Marca.cpp</file>
            <file>file:/C:/Users/RODRIGO/Documents/NetBeansProjects/Laborato10_2022_2/Nodo.cpp</file>
            <file>file:/C:/Users/RODRIGO/Documents/NetBeansProjects/Laborato10_2022_2/Marca.h</file>
            <file>file:/C:/Users/RODRIGO/Documents/NetBeansProjects/Laborato10_2022_2/Almacen.h</file>
            <file>file:/C:/Users/RODRIGO/Documents/NetBeansProjects/Laborato10_2022_2/Generico.cpp</file>
            <file>file:/C:/Users/RODRIGO/Documents/NetBeansProjects/Laborato10_2022_2/main.cpp</file>
            <file>file:/C:/Users/RODRIGO/Documents/NetBeansProjects/Laborato10_2022_2/Almacen.cpp</file>
            <file>file:/C:/Users/RODRIGO/Documents/NetBeansProjects/Laborato10_2022_2/Medicamento.h</file>
        </group>
    </open-files>
</project-private>
