397718,LECHE LALA SEMI DESLACTOSADA 1LT,1.78,16.98,71378466,26/10/2020
793026,YOGHURT NATURAL LIGHT LALA 1KG,%4.7,5.54,25.86,32821689,19/04/2020
317404,LICUADO LALA CIRUELA PASA Y NUEZ 240GR,%5.13,0.52,10.89,33713901,19/04/2020
874884,BEBIDA NARANJA BEBERE 470ML,%13.59,11.3,6.72,33397650,17/08/2019
428331,CHILE PUYA DE LOS ALTOS 100GR,10.01,10.85,79140840,15/04/2021
200984,DONAS BIMBO 157.5GR 6 PZA PROMOCION,%8.1,5.11,10.77,33713901,2/09/2021
374253,TE DE MANZANILLA NEBO 24 1GR,0.17,13.81,46462527,18/10/2019
511824,FLAN LALA SABOR VAINILLA 100GR,1.21,5.88,48184351,2/02/2022
342342,SEMILLA DE ACELGA MINA,11.45,15.07,46462527,26/07/2019
630286,REBANADAS BIMBO 110GR,%7.42,5.06,8.73,33397650,13/12/2020
374588,BEBIDA DE SOYA ADES GUANABANA 946ML,%8.37,8.43,18.07,45783712,5/01/2019
168505,GALLETAS CREMAX DE NIEVE VAINILLA 416GR,%7.99,5.5,26.76,33713901,3/12/2019
132999,YOGHURT CON DURAZNO LALA 1KG,3.93,25.15,46462527,14/07/2020
455703,PALOMITAS POFETS FLAMIN HOT 28GR,5.18,6.88,57263719,1/01/2022
308982,YOGHURT P BEBER FRUGGIS FRESA 150GR,1.12,5.29,71984468,6/10/2019
423073,POLVO PARA HORNEAR REXAL 15KILOS,%5.67,4.04,350.22,33397650,1/01/2019
748008,SANDWICH COMBINADA 3 FLORES 150GR,%3.18,4.93,8.23,17913944,20/10/2019
826317,CHAMYTO BIG 114ML,3.8,7.58,79475585,14/05/2020
613623,CHILE PASILLA MULATO LARGO 100GR,%12.13,6.9,18.19,62566305,23/11/2020
151641,YOGHURT P BEBER LACTIGURT COCO 250G,11.5,9.87,76388967,9/05/2020
162581,ZENZO BAR FRESA 66GR,%9.41,3.41,4.05,45783712,1/07/2019
118050,PAPAYA,8.64,20.99,33397650,7/10/2020
882099,NESQUIK CHOCOLATE 200GR,5.75,13.51,17913944,29/11/2021
411461,VUALA CAJETA 84GR,%11.43,6.89,5.25,79475585,7/09/2020
387889,CONDIMENTO PARA BIRRIA CUCU.,%10.56,2.24,80.95,76388967,21/04/2019
631403,PAN DE MUERTO GRANDE,%2.63,2.81,25.42,81114108,6/10/2020
900698,VAINILLA MOLINA 500ML,%13.42,2.77,19.26,79140840,20/05/2021
691890,NESCAFE DOLCA 200GR,%6.26,1.35,42.01,17913944,28/12/2019
311343,YOGHURT FRESA NESTLE 1KG,%12.73,9.82,23.27,79140840,18/05/2019
444809,MAIZENA NATURAL 750GR,4.9,43.62,81114108,5/06/2020
455703,PALOMITAS POFETS FLAMIN HOT 28GR,7.81,6.88,79475585,16/12/2019
582920,PINGUINOS MARINELA 40GR,%7.02,1.48,4.4,48184351,25/07/2019
927404,GELATINA SABOR PI�A LIGHT LA GLORIA 25GR,%12.04,3.79,8.51,29847168,1/01/2021
132999,YOGHURT CON DURAZNO LALA 1KG,6.45,25.15,48184351,29/03/2022
459032,GELATINA DANY LIMON 125GR,1.96,5.38,17913944,23/09/2019
283781,FRIJOLES REFRITOS ISADORA 430GR,%1.92,7.9,13.28,45783712,2/10/2020
422763,GALLETAS SUAVICREMAS FRESA 158GR,6.44,13.85,91897732,20/07/2020
744237,ALUBIAS ANTIQUA 540GR,%8.19,0,17.85,46462527,16/08/2020
462755,JUGO DE UVA MINUTE MAID 200ML,%8.24,3.76,4.39,57263719,19/05/2020
172692,BARRA DE HOGUELAS DE ARROZ Y TRIGO 24 GR,%3.33,5.6,4.83,33397650,1/02/2019
588754,LIMONADA H2O 250ML,%4.82,0.69,8.58,17913944,13/08/2020
455703,PALOMITAS POFETS FLAMIN HOT 28GR,6.9,6.88,33397650,5/06/2019
997564,MANGO ECUATORIANO,%11.83,5.47,16.5,46462527,9/10/2019
748899,NARANJA SIN SEMILLA,3.95,10.24,33713901,5/08/2020
691890,NESCAFE DOLCA 200GR,%6.26,5.46,42.01,48184351,2/06/2019
248223,LECHE EN POLVO NIDO KINDER 400GR,%2.09,3.48,39.84,33397650,29/07/2019
178097,CROQUETAS PEDIGREE BENEFUL 10.1KG,%12.84,4.49,270.88,29847168,2/08/2021
565169,PASTILLA PEPTO BISMOL,%2.41,11.59,3.15,48184351,31/12/2020
793026,YOGHURT NATURAL LIGHT LALA 1KG,%4.7,7.38,25.86,71378466,19/03/2020
390920,AGUA NIAGARA 500ML,%0.94,3.6,5.64,32821689,28/04/2020
942003,ACHIOTE MARIN 130GR,8.61,8.71,32821689,19/10/2021
178097,CROQUETAS PEDIGREE BENEFUL 10.1KG,%12.84,9.01,270.88,33397650,28/06/2019
126218,TANJERINA,1.81,5.58,32821689,10/10/2020
455703,PALOMITAS POFETS FLAMIN HOT 28GR,10.54,6.88,83236386,15/08/2019
126218,TANJERINA,1.95,5.58,46462527,12/10/2019
961802,ACHIOTE LA EXTRA 1KG,%6.77,2.43,45.54,46462527,27/12/2021
734979,TOSTILOCOS PREPARADOS,%4.83,7.45,25.53,17913944,15/10/2020
582920,PINGUINOS MARINELA 40GR,%7.02,1.56,4.4,81114108,10/07/2019
778066,CHILES CHIPOTLES LA COSTENA 380GR,1.01,18.53,46462527,3/10/2021
714788,PAPA EN CUBOS DEL FUERTE 12 380GR.,8.6,9.53,33397650,26/12/2021
317404,LICUADO LALA CIRUELA PASA Y NUEZ 240GR,%5.13,3.19,10.89,76388967,29/11/2020
613623,CHILE PASILLA MULATO LARGO 100GR,%12.13,5.16,18.19,48184351,29/09/2021
690039,CORAZONES DE OREJONA PZA,%14.32,1.66,10.79,62566305,27/02/2021
151641,YOGHURT P BEBER LACTIGURT COCO 250G,11.6,9.87,81114108,24/01/2022
696000,MEDIA CREMA NESTLE 1LT,%1.35,0.85,40.8,71984468,7/08/2019
748899,NARANJA SIN SEMILLA,9.7,10.24,45783712,27/09/2019
714788,PAPA EN CUBOS DEL FUERTE 12 380GR.,11.52,9.53,91897732,9/11/2021
126218,TANJERINA,1.47,5.58,57263719,25/09/2020
412041,TORTILLAS DE MAIZ 1KG,%7.91,11.12,14.93,33713901,26/01/2020
412041,TORTILLAS DE MAIZ 1KG,%7.91,11.35,14.93,29847168,4/03/2020
415932,SOPA MARUCHAN CAMARON 71GR,%10.53,1.17,7.68,29847168,26/06/2020
690039,CORAZONES DE OREJONA PZA,%14.32,1.88,10.79,46462527,16/03/2021
582920,PINGUINOS MARINELA 40GR,%7.02,1.66,4.4,91897732,9/03/2021
925916,PAPATINAS CHILIX 25GR,8.54,4.71,79475585,24/01/2021
387889,CONDIMENTO PARA BIRRIA CUCU.,%10.56,11.71,80.95,91897732,4/10/2021
162581,ZENZO BAR FRESA 66GR,%9.41,6.14,4.05,81114108,5/02/2022
891590,MIEL DE ABEJA VIRGEN 1KG,%0.21,7.62,30.92,17913944,22/04/2021
874503,GALLETAS LORS SNACKS MARINELA 75GR,%8.69,8.02,9.54,71378466,17/01/2021
753496,OREO C TROZOS DE CHOCOLATE 473ML,1.24,25.95,32821689,1/01/2021
948168,CONCHAS BIMBO 120GR,9.04,15.55,57263719,22/11/2021
731238,SOPA MARUCHAN POLLO 12 64GR,7.5,66.7,29847168,23/04/2021
731238,SOPA MARUCHAN POLLO 12 64GR,9.37,66.7,91897732,5/07/2021
620036,SABRITAS ORIGINAL SAL 490GR,2.38,63.3,79140840,28/05/2021
731238,SOPA MARUCHAN POLLO 12 64GR,6.39,66.7,76388967,3/02/2019
336973,CORNETO CLASSIC LOVE,%10.33,9.02,19.45,17913944,29/11/2020
219619,SALSA TERIYAKI KIKKOMAN B.EN GRASA 296ML,4.92,14.41,57263719,6/01/2022
927404,GELATINA SABOR PI�A LIGHT LA GLORIA 25GR,%12.04,10.71,8.51,33397650,15/01/2021
734432,MAIZ POZOLERO TEASDALE 3.06KG,2.6,50.55,79140840,17/07/2021
459032,GELATINA DANY LIMON 125GR,3.3,5.38,81114108,5/11/2020
714788,PAPA EN CUBOS DEL FUERTE 12 380GR.,4.36,9.53,48184351,31/05/2020
620036,SABRITAS ORIGINAL SAL 490GR,3.45,63.3,17913944,5/02/2021
825712,TORTILLAS DE HARINA DEL HOGAR 15PZAS,9.22,17.44,45783712,6/07/2020
992564,LECHUGA ROMANA,9.37,20.79,83236386,3/08/2019
565169,PASTILLA PEPTO BISMOL,%2.41,11.43,3.15,81114108,9/03/2020
182942,ZAPOTE,%3.71,6.93,28.39,81114108,21/09/2020
880988,TOSTADAS HORNEADAS DEL HOGAR 210GR,7.68,11.34,79140840,21/02/2022
415932,SOPA MARUCHAN CAMARON 71GR,%10.53,11.11,7.68,46462527,6/06/2021
501182,HARINA DE ARROZ DULCE 454GR,4.83,21.13,71378466,4/01/2021
994185,ANIS VERDE,4.47,95.95,46462527,29/05/2021
511824,FLAN LALA SABOR VAINILLA 100GR,8.13,5.88,71984468,11/02/2022
923804,SAL BAJA PACIFIC BOLSA 1KGR,%5.11,6.74,5.26,81114108,13/07/2021
725312,SALSA DE CHILE PERON PURHEPECHA 260GR,%11.51,10.94,14.47,62566305,30/07/2020
582920,PINGUINOS MARINELA 40GR,%7.02,1.16,4.4,29847168,30/12/2019
170844,EMPANIZADOR CONTADINA TRADICIONAL 283GR,4.59,16.5,46462527,12/03/2020
696000,MEDIA CREMA NESTLE 1LT,%1.35,5.32,40.8,79475585,18/07/2020
168505,GALLETAS CREMAX DE NIEVE VAINILLA 416GR,%7.99,11.87,26.76,62566305,23/01/2022
632129,VINAGRE BLANCO CLEMENTE JACQUES 3.8LT,5.29,24.29,76388967,5/01/2019
744237,ALUBIAS ANTIQUA 540GR,%8.19,11.26,17.85,33713901,6/05/2019
788630,SAZONADOR SPECIAL VALUE 453G,1.06,28.24,46462527,27/05/2019
485302,YOGHURT LALA FRESA 240GR,%7.62,5.99,6.68,71984468,28/11/2021
308982,YOGHURT P BEBER FRUGGIS FRESA 150GR,2.18,5.29,83236386,11/09/2020
434681,ELOTE DORADO DEL MONTE 225GR,3.91,5.92,83236386,13/07/2019
882099,NESQUIK CHOCOLATE 200GR,1.08,13.51,83236386,20/10/2021
244316,CHAMPINIONES TROCITOS MONTEBLANCO 380GR,%0.82,6.67,18.99,71984468,5/03/2021
462755,JUGO DE UVA MINUTE MAID 200ML,%8.24,5.07,4.39,79475585,30/04/2020
244316,CHAMPINIONES TROCITOS MONTEBLANCO 380GR,%0.82,3.78,18.99,83236386,6/08/2020
311343,YOGHURT FRESA NESTLE 1KG,%12.73,4.92,23.27,81114108,19/05/2019
620036,SABRITAS ORIGINAL SAL 490GR,6.41,63.3,71984468,26/11/2020
170844,EMPANIZADOR CONTADINA TRADICIONAL 283GR,7.2,16.5,33713901,19/03/2019
311343,YOGHURT FRESA NESTLE 1KG,%12.73,7.56,23.27,79140840,29/05/2019
520755,TE LIPTON NATURAL 100 226GR,%14.57,4.34,71.68,33397650,24/03/2021
162581,ZENZO BAR FRESA 66GR,%9.41,4.2,4.05,32821689,10/02/2020
620036,SABRITAS ORIGINAL SAL 490GR,9.02,63.3,91897732,17/12/2021
317404,LICUADO LALA CIRUELA PASA Y NUEZ 240GR,%5.13,0.56,10.89,71378466,19/12/2021
397718,LECHE LALA SEMI DESLACTOSADA 1LT,0.31,16.98,17913944,4/07/2021
311343,YOGHURT FRESA NESTLE 1KG,%12.73,2.62,23.27,48184351,18/04/2019
690039,CORAZONES DE OREJONA PZA,%14.32,8.38,10.79,33713901,2/12/2019
434681,ELOTE DORADO DEL MONTE 225GR,9.36,5.92,57263719,27/07/2020
179485,MOLE SURTIDO CON ESPECIAS 250GR,11.68,25.11,48184351,17/04/2020
734432,MAIZ POZOLERO TEASDALE 3.06KG,11.03,50.55,57263719,10/10/2021
204890,LECHE YAQUI DESLACTOSADA 1LT,9.45,19.31,29847168,2/11/2021
793026,YOGHURT NATURAL LIGHT LALA 1KG,%4.7,2.84,25.86,33397650,11/11/2021
469016,SEMILLAS DE CHILE HABANEROMANZANO.3GR,%7.75,9.89,15.31,71378466,29/05/2020
631403,PAN DE MUERTO GRANDE,%2.63,10.32,25.42,32821689,1/07/2021
961627,FRIJOLES PUERCOS LILIS 500GR,%8.22,6.35,16.26,46462527,23/08/2021
499460,TAMPICO CITRUS PUNCH 3.78LTS,%4.3,2.12,29.35,17913944,22/03/2021
311343,YOGHURT FRESA NESTLE 1KG,%12.73,6.3,23.27,91897732,13/03/2019
406688,CHURROMAIS CON LIMON 38GR,%1.17,3.36,5.62,71378466,24/04/2019
